Timestamp,Question1,Question2,Question3,Question4,Question5,Question6,Question7,Question8,Question9,Question10,Question11,Question12,Question13,Question14,Question15
11/22/2023 6:56:16,Yes,Agree,Strongly agree,Strongly disagree,Strongly Agree,Positive Correlation,Time constraints,"Yes, significantly",Critical Factor,Essential for improvement,Significant Contribution,One-on-one sessions are more effective,Friends tutoring each other,Positive Correlation,It is really accessible and helpful to me
11/22/2023 7:02:20,Yes,Agree,Strongly agree,Neutral,Strongly Agree,Positive Correlation,Time constraints,"Yes, significantly",Critical Factor,Essential for improvement,Significant Contribution,Both one-on-one and group sessions are equally effective,Friends tutoring each other,Positive Correlation,It is really accessible and helpful to me
11/22/2023 7:02:36,Yes,Agree,Agree,Agree,Agree,Positive Correlation,Time constraints,"Yes, moderately",Critical Factor,Essential for improvement,Significant Contribution,Group sessions are more effective,Friends tutoring each other,Positive Correlation,It is really accessible and helpful to me
11/22/2023 7:06:37,Yes,Agree,Agree,Agree,Agree,Positive Correlation,Communication barriers,"Yes, moderately",Moderately important,Essential for improvement,Moderate Contribution,One-on-one sessions are more effective,Randomly paired tutors and tutees,Positive Correlation,It is really accessible and helpful to me
11/22/2023 7:51:11,Yes,Agree,Strongly agree,Strongly disagree,Strongly Agree,Positive Correlation,Communication barriers,"Yes, significantly",Moderately important,Essential for improvement,Significant Contribution,Group sessions are more effective,Friends tutoring each other,Positive Correlation,It is really accessible and helpful to me
11/22/2023 9:50:46,Yes,Agree,Agree,Strongly agree,Agree,Positive Correlation,Mismatched learning styles,"Yes, significantly",Moderately important,Moderately important,Moderate Contribution,Group sessions are more effective,Friends tutoring each other,Positive Correlation,It is really accessible and helpful to me
11/23/2023 0:13:12,Yes,Agree,Neutral,Neutral,Neutral,No Correlation with duration,Time constraints,"Yes, moderately",Moderately important,No impact,Moderate Contribution,Both one-on-one and group sessions are equally effective,Randomly paired tutors and tutees,Negative Correlation,It is really accessible and helpful to me
11/23/2023 0:49:46,Yes,Agree,Neutral,Agree,Agree,Positive Correlation,Mismatched learning styles,No noticeable change,Moderately important,Moderately important,Moderate Contribution,Group sessions are more effective,Friends tutoring each other,Positive Correlation,"It has its pros and cons, offering mixed effectiveness"
11/23/2023 1:12:38,Yes,Agree,Strongly agree,Strongly agree,Strongly Agree,Positive Correlation,Time constraints,"Yes, significantly",Critical Factor,Essential for improvement,Significant Contribution,One-on-one sessions are more effective,Friends tutoring each other,Positive Correlation,"It has its pros and cons, offering mixed effectiveness"
11/23/2023 1:13:25,Yes,Agree,Agree,Strongly disagree,Agree,Positive Correlation,Lack of preparation,"Yes, significantly",Moderately important,Essential for improvement,Significant Contribution,Group sessions are more effective,Friends tutoring each other,Positive Correlation,It is really accessible and helpful to me
11/23/2023 1:14:10,Yes,Agree,Agree,Strongly disagree,Strongly Agree,Positive Correlation,Time constraints,"Yes, moderately",Critical Factor,Essential for improvement,Significant Contribution,One-on-one sessions are more effective,Friends tutoring each other,Positive Correlation,"It has its pros and cons, offering mixed effectiveness"
11/23/2023 1:15:19,Yes,Agree,Agree,Neutral,Agree,Positive Correlation,Mismatched learning styles,"Yes, moderately",Moderately important,Essential for improvement,Moderate Contribution,Both one-on-one and group sessions are equally effective,Friends tutoring each other,Positive Correlation,"It has its pros and cons, offering mixed effectiveness"
11/23/2023 1:15:33,Yes,Moderately Agree,Agree,Strongly agree,Agree,No Correlation with duration,Communication barriers,"Yes, moderately",Moderately important,Essential for improvement,Significant Contribution,Both one-on-one and group sessions are equally effective,Friends tutoring each other,Positive Correlation,It is really accessible and helpful to me
11/23/2023 1:15:56,Yes,Agree,Agree,Strongly agree,Agree,Positive Correlation,Time constraints,"Yes, moderately",Critical Factor,Essential for improvement,No effect,One-on-one sessions are more effective,Doesn't matter,Positive Correlation,It is really accessible and helpful to me
11/23/2023 1:17:54,Yes,Agree,Neutral,Agree,Strongly Agree,Positive Correlation,Time constraints,No noticeable change,Moderately important,Moderately important,Significant Contribution,Both one-on-one and group sessions are equally effective,Friends tutoring each other,Positive Correlation,It is really accessible and helpful to me
11/23/2023 1:21:04,Yes,Moderately Agree,Agree,Agree,Agree,Positive Correlation,Time constraints,"Yes, moderately",Critical Factor,Essential for improvement,Moderate Contribution,Group sessions are more effective,Friends tutoring each other,Positive Correlation,It is really accessible and helpful to me
11/23/2023 1:22:29,Yes,Agree,Strongly agree,Strongly agree,Strongly Agree,Positive Correlation,Time constraints,"Yes, significantly",Critical Factor,Essential for improvement,Significant Contribution,Both one-on-one and group sessions are equally effective,Friends tutoring each other,Positive Correlation,It is really accessible and helpful to me
11/23/2023 1:22:52,Yes,Agree,Agree,Agree,Agree,Positive Correlation,Mismatched learning styles,"Yes, significantly",Moderately important,Essential for improvement,Significant Contribution,Both one-on-one and group sessions are equally effective,Friends tutoring each other,Positive Correlation,It is really accessible and helpful to me
11/23/2023 1:23:07,Yes,Agree,Strongly agree,Strongly agree,Agree,No Correlation with duration,Time constraints,"Yes, moderately",Moderately important,Essential for improvement,Significant Contribution,One-on-one sessions are more effective,Friends tutoring each other,Positive Correlation,"It has its pros and cons, offering mixed effectiveness"
11/23/2023 1:23:31,Yes,Agree,Agree,Agree,Agree,Positive Correlation,Time constraints,"Yes, moderately",Moderately important,Moderately important,Moderate Contribution,Group sessions are more effective,Friends tutoring each other,Positive Correlation,It is really accessible and helpful to me
11/23/2023 1:23:58,Yes,Agree,Agree,Agree,Agree,Positive Correlation,Time constraints,"Yes, moderately",Critical Factor,Moderately important,Moderate Contribution,One-on-one sessions are more effective,Friends tutoring each other,Positive Correlation,It is really accessible and helpful to me
11/23/2023 1:25:10,Yes,Disagree,Strongly agree,Strongly agree,Strongly Agree,No Correlation with duration,Communication barriers,"Yes, moderately",Moderately important,Moderately important,Significant Contribution,One-on-one sessions are more effective,Doesn't matter,Positive Correlation,"It has its pros and cons, offering mixed effectiveness"
11/23/2023 1:27:46,Yes,Moderately Agree,Neutral,Neutral,Neutral,No Correlation with duration,Communication barriers,"Yes, moderately",Critical Factor,Essential for improvement,Significant Contribution,One-on-one sessions are more effective,Friends tutoring each other,Positive Correlation,"It has its pros and cons, offering mixed effectiveness"
11/23/2023 1:33:05,Yes,Agree,Strongly agree,Strongly agree,Strongly Agree,Positive Correlation,Time constraints,"Yes, moderately",Moderately important,Moderately important,Moderate Contribution,One-on-one sessions are more effective,Friends tutoring each other,Positive Correlation,It is really accessible and helpful to me
11/23/2023 1:35:48,Yes,Agree,Strongly agree,Disagree,Strongly Agree,Positive Correlation,Lack of preparation,"Yes, moderately",Moderately important,Essential for improvement,No effect,Group sessions are more effective,Friends tutoring each other,Positive Correlation,"It has its pros and cons, offering mixed effectiveness"
11/23/2023 1:37:06,Yes,Moderately Agree,Neutral,Neutral,Neutral,No Correlation with duration,Mismatched learning styles,No noticeable change,Moderately important,Moderately important,Moderate Contribution,Group sessions are more effective,Randomly paired tutors and tutees,Negative Correlation,It is not effective to me at all
11/23/2023 1:39:03,Yes,Agree,Strongly agree,Agree,Agree,Positive Correlation,Mismatched learning styles,"Yes, moderately",Critical Factor,Essential for improvement,Moderate Contribution,One-on-one sessions are more effective,Friends tutoring each other,Positive Correlation,"It has its pros and cons, offering mixed effectiveness"
11/23/2023 1:43:04,Yes,Agree,Agree,Strongly disagree,Strongly Agree,Positive Correlation,Time constraints,"Yes, moderately",Critical Factor,Essential for improvement,Significant Contribution,Group sessions are more effective,Friends tutoring each other,Positive Correlation,It is really accessible and helpful to me
11/23/2023 1:43:44,Yes,Agree,Strongly agree,Strongly agree,Strongly Agree,Positive Correlation,Communication barriers,"Yes, significantly",Critical Factor,Essential for improvement,Significant Contribution,One-on-one sessions are more effective,Randomly paired tutors and tutees,No significant impact,It is really accessible and helpful to me
11/23/2023 1:46:17,Yes,Agree,Strongly agree,Strongly agree,Strongly Agree,Positive Correlation,Communication barriers,"Yes, significantly",Critical Factor,Essential for improvement,Significant Contribution,One-on-one sessions are more effective,Randomly paired tutors and tutees,No significant impact,It is really accessible and helpful to me
11/23/2023 1:46:32,Yes,Agree,Agree,Agree,Strongly Agree,Positive Correlation,Lack of preparation,"Yes, moderately",Moderately important,Essential for improvement,Significant Contribution,Group sessions are more effective,Randomly paired tutors and tutees,Positive Correlation,It is really accessible and helpful to me
11/23/2023 1:48:54,Yes,Agree,Agree,Agree,Strongly Agree,Positive Correlation,Mismatched learning styles,"Yes, significantly",Moderately important,Moderately important,Moderate Contribution,One-on-one sessions are more effective,Friends tutoring each other,Positive Correlation,It is really accessible and helpful to me
11/23/2023 1:51:17,Yes,Agree,Strongly agree,Strongly agree,Strongly Agree,Positive Correlation,Mismatched learning styles,"Yes, significantly",Critical Factor,Essential for improvement,Significant Contribution,Both one-on-one and group sessions are equally effective,Randomly paired tutors and tutees,Positive Correlation,It is really accessible and helpful to me
11/23/2023 1:51:19,Yes,Agree,Strongly agree,Agree,Strongly Agree,Positive Correlation,Time constraints,"Yes, significantly",Critical Factor,Essential for improvement,Significant Contribution,Both one-on-one and group sessions are equally effective,Friends tutoring each other,Positive Correlation,It is really accessible and helpful to me
11/23/2023 1:51:22,Yes,Agree,Agree,Strongly agree,Agree,Positive Correlation,Time constraints,"Yes, significantly",Moderately important,Essential for improvement,Significant Contribution,One-on-one sessions are more effective,Doesn't matter,Positive Correlation,"It has its pros and cons, offering mixed effectiveness"
11/23/2023 2:05:47,Yes,Agree,Strongly agree,Strongly agree,Strongly Agree,Positive Correlation,Communication barriers,"Yes, moderately",Moderately important,Essential for improvement,Significant Contribution,Group sessions are more effective,Friends tutoring each other,Positive Correlation,It is really accessible and helpful to me
11/23/2023 2:07:36,Yes,Agree,Strongly agree,Strongly agree,Agree,Positive Correlation,Mismatched learning styles,"Yes, significantly",Critical Factor,Essential for improvement,Significant Contribution,One-on-one sessions are more effective,Friends tutoring each other,Positive Correlation,"It has its pros and cons, offering mixed effectiveness"
11/23/2023 2:07:47,Yes,Agree,Strongly agree,Agree,Agree,Positive Correlation,Communication barriers,"Yes, moderately",Moderately important,Moderately important,Moderate Contribution,Group sessions are more effective,Randomly paired tutors and tutees,Negative Correlation,"It has its pros and cons, offering mixed effectiveness"
11/23/2023 2:09:50,Yes,Agree,Agree,Agree,Agree,Positive Correlation,Time constraints,"Yes, significantly",Moderately important,Moderately important,Significant Contribution,One-on-one sessions are more effective,Friends tutoring each other,Positive Correlation,It is really accessible and helpful to me
11/23/2023 2:09:54,Yes,Agree,Strongly agree,Strongly agree,Strongly Agree,Positive Correlation,Mismatched learning styles,"Yes, moderately",Moderately important,Essential for improvement,Moderate Contribution,Both one-on-one and group sessions are equally effective,Friends tutoring each other,Positive Correlation,It is really accessible and helpful to me
11/23/2023 2:10:33,Yes,Agree,Strongly agree,Strongly agree,Strongly Agree,Positive Correlation,Communication barriers,"Yes, significantly",Moderately important,Essential for improvement,Significant Contribution,One-on-one sessions are more effective,Friends tutoring each other,Positive Correlation,It is really accessible and helpful to me
11/23/2023 2:17:38,Yes,Agree,Agree,Strongly agree,Neutral,Positive Correlation,Mismatched learning styles,"Yes, moderately",Critical Factor,No impact,Significant Contribution,Both one-on-one and group sessions are equally effective,Friends tutoring each other,Positive Correlation,It is really accessible and helpful to me
11/23/2023 2:31:14,Yes,Agree,Neutral,Agree,Agree,No Correlation with duration,Mismatched learning styles,"Yes, moderately",Moderately important,Essential for improvement,Moderate Contribution,Group sessions are more effective,Friends tutoring each other,Positive Correlation,It is really accessible and helpful to me
11/23/2023 2:31:18,Yes,Agree,Neutral,Agree,Agree,No Correlation with duration,Mismatched learning styles,"Yes, moderately",Moderately important,Essential for improvement,Moderate Contribution,Group sessions are more effective,Friends tutoring each other,Positive Correlation,It is really accessible and helpful to me
11/23/2023 2:36:52,Yes,Agree,Strongly agree,Strongly agree,Strongly Agree,Positive Correlation,Mismatched learning styles,"Yes, significantly",Critical Factor,Essential for improvement,Significant Contribution,One-on-one sessions are more effective,Randomly paired tutors and tutees,Positive Correlation,It is really accessible and helpful to me
11/23/2023 2:41:14,Yes,Agree,Agree,Agree,Agree,Positive Correlation,Communication barriers,"Yes, moderately",Critical Factor,Essential for improvement,Significant Contribution,One-on-one sessions are more effective,Friends tutoring each other,Positive Correlation,It is really accessible and helpful to me
11/23/2023 2:41:23,Yes,Disagree,Strongly agree,Strongly disagree,Agree,Positive Correlation,Communication barriers,No noticeable change,Moderately important,Moderately important,Significant Contribution,One-on-one sessions are more effective,Randomly paired tutors and tutees,Positive Correlation,It is really accessible and helpful to me
11/23/2023 2:41:43,Yes,Agree,Agree,Agree,Neutral,Positive Correlation,Time constraints,"Yes, moderately",Moderately important,Moderately important,Moderate Contribution,Both one-on-one and group sessions are equally effective,Friends tutoring each other,Positive Correlation,It is really accessible and helpful to me
11/23/2023 2:49:32,Yes,Agree,Agree,Agree,Agree,Positive Correlation,Time constraints,"Yes, significantly",Moderately important,Essential for improvement,Significant Contribution,One-on-one sessions are more effective,Friends tutoring each other,Positive Correlation,It is really accessible and helpful to me
11/23/2023 2:49:51,Yes,Moderately Agree,Disagree,Agree,Agree,Positive Correlation,Mismatched learning styles,"Yes, moderately",Critical Factor,Moderately important,Moderate Contribution,One-on-one sessions are more effective,Friends tutoring each other,Positive Correlation,It is really accessible and helpful to me
11/23/2023 2:56:40,Yes,Agree,Strongly agree,Agree,Strongly Agree,Positive Correlation,Mismatched learning styles,"Yes, significantly",Critical Factor,Essential for improvement,Significant Contribution,One-on-one sessions are more effective,Friends tutoring each other,Positive Correlation,"It has its pros and cons, offering mixed effectiveness"
11/23/2023 2:57:24,Yes,Agree,Strongly agree,Strongly agree,Strongly Agree,Positive Correlation,Communication barriers,"Yes, moderately",Critical Factor,Essential for improvement,Significant Contribution,Both one-on-one and group sessions are equally effective,Randomly paired tutors and tutees,Positive Correlation,It is really accessible and helpful to me
11/23/2023 3:05:03,Yes,Moderately Agree,Agree,Agree,Agree,Positive Correlation,Mismatched learning styles,"Yes, moderately",Moderately important,Moderately important,Significant Contribution,Both one-on-one and group sessions are equally effective,Friends tutoring each other,Positive Correlation,It is really accessible and helpful to me
11/23/2023 3:07:14,Yes,Agree,Strongly agree,Agree,Strongly Agree,Positive Correlation,Mismatched learning styles,"Yes, moderately",Critical Factor,Essential for improvement,Moderate Contribution,One-on-one sessions are more effective,Doesn't matter,Positive Correlation,It is really accessible and helpful to me
11/23/2023 3:19:38,No,Agree,Strongly agree,Strongly agree,Strongly Agree,Positive Correlation,Mismatched learning styles,"Yes, moderately",Critical Factor,Essential for improvement,Moderate Contribution,Group sessions are more effective,Friends tutoring each other,Positive Correlation,It is really accessible and helpful to me
11/23/2023 3:19:41,Yes,Agree,Strongly agree,Agree,Strongly Agree,Positive Correlation,Time constraints,"Yes, moderately",Moderately important,Essential for improvement,Moderate Contribution,One-on-one sessions are more effective,Randomly paired tutors and tutees,Negative Correlation,It is not effective to me at all
11/23/2023 3:23:19,Yes,Agree,Strongly agree,Strongly disagree,Strongly Agree,Positive Correlation,Time constraints,"Yes, significantly",Critical Factor,Essential for improvement,Significant Contribution,Group sessions are more effective,Friends tutoring each other,Positive Correlation,It is really accessible and helpful to me
11/23/2023 3:26:13,Yes,Moderately Agree,Strongly agree,Strongly disagree,Strongly Agree,Positive Correlation,Communication barriers,"Yes, significantly",Critical Factor,Moderately important,Significant Contribution,One-on-one sessions are more effective,Randomly paired tutors and tutees,Positive Correlation,It is really accessible and helpful to me
11/23/2023 3:46:42,Yes,Agree,Strongly agree,Strongly disagree,Strongly Agree,Positive Correlation,Time constraints,"Yes, significantly",Critical Factor,Essential for improvement,Significant Contribution,Group sessions are more effective,Friends tutoring each other,Positive Correlation,It is really accessible and helpful to me
11/23/2023 3:51:16,No,Moderately Agree,Agree,Neutral,Agree,Positive Correlation,Time constraints,"Yes, moderately",Minor Influence,Moderately important,Significant Contribution,One-on-one sessions are more effective,Randomly paired tutors and tutees,Positive Correlation,"It has its pros and cons, offering mixed effectiveness"
11/23/2023 3:53:34,Yes,Agree,Agree,Strongly agree,Neutral,No Correlation with duration,Mismatched learning styles,No noticeable change,Moderately important,Moderately important,Moderate Contribution,Both one-on-one and group sessions are equally effective,Doesn't matter,No significant impact,"It has its pros and cons, offering mixed effectiveness"
11/23/2023 3:57:28,Yes,Agree,Strongly agree,Strongly disagree,Strongly Agree,Positive Correlation,Communication barriers,"Yes, moderately",Moderately important,Essential for improvement,Significant Contribution,Both one-on-one and group sessions are equally effective,Randomly paired tutors and tutees,Positive Correlation,It is really accessible and helpful to me
11/23/2023 3:58:03,Yes,Agree,Strongly agree,Neutral,Agree,No Correlation with duration,Communication barriers,"Yes, moderately",Moderately important,Essential for improvement,Significant Contribution,One-on-one sessions are more effective,Friends tutoring each other,Positive Correlation,It is really accessible and helpful to me
11/23/2023 4:02:44,Yes,Agree,Agree,Neutral,Neutral,Positive Correlation,Communication barriers,No noticeable change,Moderately important,Moderately important,Moderate Contribution,One-on-one sessions are more effective,Doesn't matter,Positive Correlation,It is really accessible and helpful to me
11/23/2023 4:08:23,Yes,Moderately Agree,Neutral,Agree,Disagree,No Correlation with duration,Mismatched learning styles,No noticeable change,Minor Influence,Moderately important,No effect,One-on-one sessions are more effective,Doesn't matter,Negative Correlation,"It has its pros and cons, offering mixed effectiveness"
11/23/2023 4:14:00,Yes,Agree,Strongly agree,Strongly disagree,Strongly Agree,Positive Correlation,Mismatched learning styles,"Yes, significantly",Critical Factor,Essential for improvement,Significant Contribution,Both one-on-one and group sessions are equally effective,Friends tutoring each other,Positive Correlation,"It has its pros and cons, offering mixed effectiveness"
11/23/2023 4:20:11,Yes,Agree,Agree,Agree,Agree,Positive Correlation,Mismatched learning styles,"Yes, moderately",Moderately important,Moderately important,Moderate Contribution,Structure has no significant impact,Friends tutoring each other,Positive Correlation,"It has its pros and cons, offering mixed effectiveness"
11/23/2023 4:23:12,Yes,Agree,Strongly agree,Strongly disagree,Strongly Agree,Positive Correlation,Time constraints,"Yes, significantly",Critical Factor,Essential for improvement,Significant Contribution,One-on-one sessions are more effective,Friends tutoring each other,Positive Correlation,It is really accessible and helpful to me
11/23/2023 4:23:23,Yes,Agree,Strongly agree,Strongly agree,Strongly Agree,Positive Correlation,Communication barriers,"Yes, moderately",Critical Factor,Essential for improvement,Significant Contribution,One-on-one sessions are more effective,Friends tutoring each other,Positive Correlation,It is really accessible and helpful to me
11/23/2023 4:23:33,Yes,Agree,Strongly agree,Agree,Strongly Agree,Positive Correlation,Communication barriers,"Yes, significantly",Moderately important,Moderately important,Significant Contribution,Group sessions are more effective,Friends tutoring each other,Positive Correlation,It is really accessible and helpful to me
11/23/2023 4:24:11,Yes,Agree,Agree,Agree,Agree,Positive Correlation,Mismatched learning styles,"Yes, moderately",Moderately important,Essential for improvement,Moderate Contribution,Group sessions are more effective,Friends tutoring each other,Positive Correlation,It is really accessible and helpful to me
11/23/2023 4:25:26,Yes,Agree,Strongly agree,Strongly disagree,Strongly Agree,Positive Correlation,Communication barriers,"Yes, significantly",Moderately important,Essential for improvement,Significant Contribution,Both one-on-one and group sessions are equally effective,Friends tutoring each other,Positive Correlation,It is really accessible and helpful to me
11/23/2023 4:26:59,Yes,Agree,Strongly agree,Agree,Strongly Agree,Positive Correlation,Time constraints,"Yes, moderately",Moderately important,Moderately important,Significant Contribution,Both one-on-one and group sessions are equally effective,Doesn't matter,Positive Correlation,It is really accessible and helpful to me
11/23/2023 4:27:54,No,Agree,Agree,Agree,Strongly Agree,Positive Correlation,Mismatched learning styles,No noticeable change,Critical Factor,Moderately important,Significant Contribution,One-on-one sessions are more effective,Friends tutoring each other,Positive Correlation,It is really accessible and helpful to me
11/23/2023 4:28:46,Yes,Agree,Strongly agree,Strongly agree,Strongly Agree,Positive Correlation,Time constraints,"Yes, significantly",Critical Factor,Essential for improvement,Significant Contribution,One-on-one sessions are more effective,Friends tutoring each other,Positive Correlation,"It has its pros and cons, offering mixed effectiveness"
11/23/2023 4:29:02,Yes,Moderately Agree,Strongly agree,Agree,Strongly Agree,Positive Correlation,Lack of preparation,"Yes, moderately",Moderately important,Essential for improvement,Significant Contribution,Group sessions are more effective,Friends tutoring each other,Positive Correlation,"It has its pros and cons, offering mixed effectiveness"
11/23/2023 4:30:41,Yes,Agree,Strongly agree,Agree,Strongly Agree,Positive Correlation,Mismatched learning styles,"Yes, significantly",Critical Factor,Essential for improvement,Significant Contribution,Group sessions are more effective,Friends tutoring each other,Positive Correlation,It is really accessible and helpful to me
11/23/2023 4:40:17,Yes,Moderately Agree,Strongly agree,Agree,Strongly Agree,Positive Correlation,Mismatched learning styles,"Yes, moderately",Moderately important,Essential for improvement,Significant Contribution,Group sessions are more effective,Friends tutoring each other,No significant impact,"It has its pros and cons, offering mixed effectiveness"
11/23/2023 4:45:36,Yes,Agree,Neutral,Agree,Agree,No Correlation with duration,Lack of preparation,"Yes, moderately",Critical Factor,No impact,Moderate Contribution,Both one-on-one and group sessions are equally effective,Doesn't matter,Positive Correlation,"It has its pros and cons, offering mixed effectiveness"
11/23/2023 4:45:48,Yes,Agree,Agree,Neutral,Agree,Positive Correlation,Lack of preparation,"Yes, moderately",Moderately important,Essential for improvement,Significant Contribution,Group sessions are more effective,Friends tutoring each other,Positive Correlation,It is really accessible and helpful to me
11/23/2023 4:46:40,Yes,Agree,Strongly agree,Strongly agree,Strongly Agree,Positive Correlation,Lack of preparation,"Yes, significantly",Critical Factor,Essential for improvement,Significant Contribution,One-on-one sessions are more effective,Friends tutoring each other,Positive Correlation,It is really accessible and helpful to me
11/23/2023 4:47:04,Yes,Agree,Strongly agree,Agree,Agree,Positive Correlation,Mismatched learning styles,"Yes, moderately",Critical Factor,Essential for improvement,Significant Contribution,Group sessions are more effective,Friends tutoring each other,Positive Correlation,It is really accessible and helpful to me
11/23/2023 4:49:28,Yes,Agree,Agree,Strongly agree,Agree,Positive Correlation,Mismatched learning styles,"Yes, moderately",Minor Influence,Moderately important,Moderate Contribution,One-on-one sessions are more effective,Doesn't matter,Positive Correlation,It is really accessible and helpful to me
11/23/2023 4:51:51,Yes,Agree,Strongly agree,Strongly agree,Strongly Agree,Positive Correlation,Time constraints,"Yes, significantly",Critical Factor,Essential for improvement,Significant Contribution,Group sessions are more effective,Friends tutoring each other,Positive Correlation,It is really accessible and helpful to me
11/23/2023 4:56:24,Yes,Agree,Strongly agree,Strongly agree,Strongly Agree,Positive Correlation,Communication barriers,"Yes, significantly",Critical Factor,Essential for improvement,Significant Contribution,Group sessions are more effective,Doesn't matter,Positive Correlation,It is really accessible and helpful to me
11/23/2023 4:56:43,Yes,Agree,Strongly agree,Strongly disagree,Strongly Agree,Positive Correlation,Time constraints,"Yes, significantly",Critical Factor,No impact,Significant Contribution,One-on-one sessions are more effective,Randomly paired tutors and tutees,Negative Correlation,"It has its pros and cons, offering mixed effectiveness"
11/23/2023 5:03:51,Yes,Agree,Strongly agree,Strongly disagree,Strongly Agree,Positive Correlation,Mismatched learning styles,"Yes, significantly",Critical Factor,Essential for improvement,Significant Contribution,Group sessions are more effective,Friends tutoring each other,Positive Correlation,It is really accessible and helpful to me
11/23/2023 5:05:21,Yes,Agree,Agree,Strongly disagree,Strongly Agree,No Correlation with duration,Time constraints,"Yes, moderately",Moderately important,Essential for improvement,Significant Contribution,Both one-on-one and group sessions are equally effective,Doesn't matter,Positive Correlation,It is really accessible and helpful to me
11/23/2023 5:08:54,Yes,Agree,Strongly agree,Agree,Agree,Positive Correlation,Time constraints,"Yes, significantly",Moderately important,Essential for improvement,Significant Contribution,Group sessions are more effective,Friends tutoring each other,Positive Correlation,It is really accessible and helpful to me
11/23/2023 5:10:56,Yes,Agree,Agree,Agree,Neutral,Positive Correlation,Mismatched learning styles,"Yes, moderately",Moderately important,Moderately important,Significant Contribution,One-on-one sessions are more effective,Randomly paired tutors and tutees,Positive Correlation,It is not effective to me at all
11/23/2023 5:11:26,Yes,Agree,Neutral,Strongly disagree,Strongly Agree,No Correlation with duration,Mismatched learning styles,"Yes, moderately",Minor Influence,Essential for improvement,Significant Contribution,Group sessions are more effective,Friends tutoring each other,No significant impact,"It has its pros and cons, offering mixed effectiveness"
11/23/2023 5:14:26,Yes,Agree,Strongly agree,Strongly agree,Agree,Positive Correlation,Time constraints,"Yes, significantly",Moderately important,Essential for improvement,Moderate Contribution,Group sessions are more effective,Friends tutoring each other,Positive Correlation,It is not effective to me at all
11/23/2023 5:14:33,Yes,Moderately Agree,Agree,Agree,Strongly Agree,Positive Correlation,Time constraints,"Yes, moderately",Moderately important,Essential for improvement,Significant Contribution,Both one-on-one and group sessions are equally effective,Friends tutoring each other,Positive Correlation,It is really accessible and helpful to me
11/23/2023 5:14:51,Yes,Moderately Agree,Agree,Agree,Agree,No Correlation with duration,Time constraints,No noticeable change,Moderately important,Moderately important,Moderate Contribution,One-on-one sessions are more effective,Friends tutoring each other,Positive Correlation,"It has its pros and cons, offering mixed effectiveness"
11/23/2023 5:21:28,Yes,Agree,Strongly agree,Agree,Strongly Agree,No Correlation with duration,Communication barriers,"Yes, significantly",Critical Factor,Moderately important,Significant Contribution,Both one-on-one and group sessions are equally effective,Randomly paired tutors and tutees,Positive Correlation,It is really accessible and helpful to me
11/23/2023 5:28:08,Yes,Agree,Strongly agree,Strongly agree,Strongly Agree,Positive Correlation,Mismatched learning styles,"Yes, significantly",Critical Factor,Essential for improvement,Significant Contribution,Both one-on-one and group sessions are equally effective,Friends tutoring each other,Positive Correlation,It is really accessible and helpful to me
11/23/2023 5:30:47,Yes,Agree,Strongly agree,Strongly agree,Strongly Agree,Positive Correlation,Time constraints,"Yes, significantly",Critical Factor,Essential for improvement,Significant Contribution,Both one-on-one and group sessions are equally effective,Friends tutoring each other,Positive Correlation,It is really accessible and helpful to me
11/23/2023 5:39:05,Yes,Agree,Strongly agree,Agree,Strongly Disagree,Negative Correlation,Mismatched learning styles,No noticeable change,Critical Factor,Moderately important,No effect,One-on-one sessions are more effective,Friends tutoring each other,No significant impact,It is not effective to me at all
11/23/2023 5:41:55,Yes,Moderately Agree,Agree,Agree,Neutral,Positive Correlation,Mismatched learning styles,"Yes, moderately",Moderately important,Essential for improvement,Moderate Contribution,Group sessions are more effective,Doesn't matter,Positive Correlation,It is really accessible and helpful to me
11/23/2023 5:58:19,Yes,Agree,Agree,Strongly agree,Strongly Agree,Positive Correlation,Time constraints,"Yes, moderately",Moderately important,Moderately important,Significant Contribution,Group sessions are more effective,Friends tutoring each other,Positive Correlation,"It has its pros and cons, offering mixed effectiveness"
11/23/2023 6:00:47,Yes,Agree,Strongly agree,Strongly agree,Strongly Agree,No Correlation with duration,Mismatched learning styles,"Yes, significantly",Critical Factor,Essential for improvement,Significant Contribution,Both one-on-one and group sessions are equally effective,Randomly paired tutors and tutees,Positive Correlation,It is really accessible and helpful to me
11/23/2023 6:03:49,Yes,Agree,Strongly agree,Strongly agree,Strongly Agree,Positive Correlation,Mismatched learning styles,"Yes, moderately",Moderately important,Essential for improvement,Significant Contribution,Both one-on-one and group sessions are equally effective,Friends tutoring each other,Positive Correlation,It is really accessible and helpful to me
11/23/2023 6:05:08,Yes,Agree,Strongly agree,Strongly disagree,Strongly Agree,Positive Correlation,Mismatched learning styles,"Yes, moderately",Moderately important,Essential for improvement,Significant Contribution,Both one-on-one and group sessions are equally effective,Friends tutoring each other,Positive Correlation,"It has its pros and cons, offering mixed effectiveness"
11/23/2023 6:15:42,Yes,Agree,Agree,Agree,Agree,Positive Correlation,Time constraints,"Yes, moderately",Critical Factor,Moderately important,Significant Contribution,Group sessions are more effective,Friends tutoring each other,Positive Correlation,It is really accessible and helpful to me
11/23/2023 6:21:54,Yes,Moderately Agree,Agree,Agree,Agree,Positive Correlation,Communication barriers,"Yes, moderately",Moderately important,Moderately important,Moderate Contribution,One-on-one sessions are more effective,Friends tutoring each other,Positive Correlation,"It has its pros and cons, offering mixed effectiveness"
11/23/2023 6:23:51,Yes,Agree,Strongly agree,Agree,Strongly Agree,Positive Correlation,Time constraints,"Yes, moderately",Moderately important,Essential for improvement,Significant Contribution,Both one-on-one and group sessions are equally effective,Friends tutoring each other,Positive Correlation,"It has its pros and cons, offering mixed effectiveness"
11/23/2023 6:26:28,Yes,Agree,Strongly agree,Agree,Agree,Positive Correlation,Mismatched learning styles,"Yes, significantly",Critical Factor,Essential for improvement,Significant Contribution,One-on-one sessions are more effective,Friends tutoring each other,Positive Correlation,"It has its pros and cons, offering mixed effectiveness"
11/23/2023 6:26:38,Yes,Moderately Agree,Agree,Strongly agree,Agree,No Correlation with duration,Communication barriers,"Yes, significantly",Critical Factor,No impact,No effect,Both one-on-one and group sessions are equally effective,Randomly paired tutors and tutees,Positive Correlation,It is really accessible and helpful to me
11/23/2023 6:26:43,Yes,Agree,Agree,Agree,Agree,Positive Correlation,Lack of preparation,"Yes, moderately",Moderately important,Essential for improvement,Significant Contribution,Both one-on-one and group sessions are equally effective,Doesn't matter,Positive Correlation,It is really accessible and helpful to me
11/23/2023 6:27:34,Yes,Agree,Strongly agree,Agree,Strongly Agree,Positive Correlation,Communication barriers,"Yes, significantly",Moderately important,Essential for improvement,Moderate Contribution,Both one-on-one and group sessions are equally effective,Randomly paired tutors and tutees,Positive Correlation,It is really accessible and helpful to me
11/23/2023 6:28:46,Yes,Agree,Agree,Strongly agree,Agree,No Correlation with duration,Mismatched learning styles,"Yes, significantly",Critical Factor,No impact,Moderate Contribution,One-on-one sessions are more effective,Doesn't matter,Positive Correlation,It is really accessible and helpful to me
11/23/2023 6:31:44,Yes,Moderately Agree,Neutral,Agree,Strongly Agree,Positive Correlation,Mismatched learning styles,"Yes, moderately",Critical Factor,Moderately important,No effect,One-on-one sessions are more effective,Doesn't matter,Positive Correlation,"It has its pros and cons, offering mixed effectiveness"
11/23/2023 6:36:09,Yes,Agree,Agree,Disagree,Strongly Disagree,No Correlation with duration,Time constraints,"Yes, moderately",Moderately important,Essential for improvement,Moderate Contribution,One-on-one sessions are more effective,Doesn't matter,Positive Correlation,"It has its pros and cons, offering mixed effectiveness"
11/23/2023 6:37:27,Yes,Agree,Agree,Strongly disagree,Strongly Agree,Positive Correlation,Lack of preparation,"Yes, significantly",Critical Factor,Essential for improvement,Significant Contribution,Group sessions are more effective,Friends tutoring each other,Positive Correlation,It is really accessible and helpful to me
11/23/2023 6:47:02,Yes,Agree,Strongly agree,Strongly agree,Strongly Agree,Positive Correlation,Mismatched learning styles,"Yes, significantly",Critical Factor,Essential for improvement,Significant Contribution,One-on-one sessions are more effective,Friends tutoring each other,Positive Correlation,It is really accessible and helpful to me
11/23/2023 6:47:05,Yes,Moderately Agree,Agree,Strongly agree,Agree,No Correlation with duration,Communication barriers,No noticeable change,Moderately important,Essential for improvement,Significant Contribution,One-on-one sessions are more effective,Friends tutoring each other,Positive Correlation,"It has its pros and cons, offering mixed effectiveness"
11/23/2023 6:53:41,Yes,Agree,Agree,Agree,Agree,Positive Correlation,Time constraints,"Yes, significantly",Critical Factor,Moderately important,Significant Contribution,One-on-one sessions are more effective,Randomly paired tutors and tutees,Positive Correlation,It is really accessible and helpful to me
11/23/2023 6:59:11,Yes,Agree,Agree,Agree,Agree,Positive Correlation,Time constraints,"Yes, moderately",Moderately important,Essential for improvement,Significant Contribution,Both one-on-one and group sessions are equally effective,Friends tutoring each other,Positive Correlation,It is really accessible and helpful to me
11/23/2023 7:09:56,Yes,Agree,Strongly agree,Agree,Agree,Positive Correlation,Lack of preparation,"Yes, moderately",Critical Factor,Essential for improvement,Significant Contribution,Group sessions are more effective,Friends tutoring each other,Positive Correlation,It is really accessible and helpful to me
11/23/2023 7:18:39,Yes,Agree,Agree,Strongly agree,Agree,Positive Correlation,Mismatched learning styles,"Yes, significantly",Critical Factor,Essential for improvement,Moderate Contribution,Group sessions are more effective,Friends tutoring each other,Positive Correlation,It is really accessible and helpful to me
11/23/2023 7:22:57,Yes,Agree,Agree,Agree,Agree,Positive Correlation,Mismatched learning styles,"Yes, moderately",Moderately important,Essential for improvement,Moderate Contribution,One-on-one sessions are more effective,Friends tutoring each other,Positive Correlation,It is really accessible and helpful to me
11/23/2023 7:24:39,Yes,Moderately Agree,Agree,Agree,Agree,No Correlation with duration,Mismatched learning styles,"Yes, moderately",Moderately important,Moderately important,Moderate Contribution,One-on-one sessions are more effective,Doesn't matter,Positive Correlation,It is really accessible and helpful to me
11/23/2023 7:25:33,Yes,Agree,Strongly agree,Agree,Agree,Positive Correlation,Mismatched learning styles,"Yes, significantly",Moderately important,Moderately important,Significant Contribution,Both one-on-one and group sessions are equally effective,Friends tutoring each other,Positive Correlation,It is really accessible and helpful to me
11/23/2023 7:27:14,Yes,Agree,Agree,Agree,Agree,Positive Correlation,Lack of preparation,"Yes, moderately",Moderately important,Moderately important,Significant Contribution,Group sessions are more effective,Randomly paired tutors and tutees,Positive Correlation,"It has its pros and cons, offering mixed effectiveness"
11/23/2023 7:28:00,Yes,Agree,Strongly agree,Strongly disagree,Strongly Agree,Positive Correlation,Time constraints,"Yes, significantly",Critical Factor,Essential for improvement,Moderate Contribution,One-on-one sessions are more effective,Randomly paired tutors and tutees,Positive Correlation,It is really accessible and helpful to me
11/23/2023 7:34:23,Yes,Agree,Strongly agree,Agree,Agree,No Correlation with duration,Mismatched learning styles,"Yes, moderately",Critical Factor,Essential for improvement,Significant Contribution,One-on-one sessions are more effective,Friends tutoring each other,Positive Correlation,It is really accessible and helpful to me
11/23/2023 7:50:28,Yes,Agree,Strongly agree,Strongly agree,Strongly Agree,No Correlation with duration,Time constraints,"Yes, significantly",Critical Factor,Essential for improvement,Significant Contribution,Both one-on-one and group sessions are equally effective,Friends tutoring each other,No significant impact,It is really accessible and helpful to me
11/23/2023 7:50:50,Yes,Moderately Agree,Strongly agree,Strongly agree,Agree,Negative Correlation,Mismatched learning styles,"Yes, moderately",Critical Factor,Moderately important,Moderate Contribution,One-on-one sessions are more effective,Friends tutoring each other,Positive Correlation,"It has its pros and cons, offering mixed effectiveness"
11/23/2023 8:00:48,Yes,Agree,Agree,Agree,Strongly Agree,Positive Correlation,Communication barriers,"Yes, moderately",Minor Influence,Essential for improvement,Significant Contribution,Group sessions are more effective,Friends tutoring each other,Positive Correlation,It is really accessible and helpful to me
11/23/2023 8:08:16,Yes,Agree,Agree,Neutral,Agree,No Correlation with duration,Communication barriers,"Yes, significantly",Moderately important,Essential for improvement,Significant Contribution,Both one-on-one and group sessions are equally effective,Randomly paired tutors and tutees,No significant impact,It is really accessible and helpful to me
11/23/2023 8:15:38,Yes,Agree,Strongly agree,Strongly agree,Strongly Disagree,Positive Correlation,Time constraints,"Yes, significantly",Critical Factor,Essential for improvement,Significant Contribution,Both one-on-one and group sessions are equally effective,Friends tutoring each other,Positive Correlation,It is really accessible and helpful to me
11/23/2023 8:16:58,Yes,Agree,Strongly agree,Strongly disagree,Strongly Agree,Positive Correlation,Lack of preparation,"Yes, significantly",Critical Factor,Essential for improvement,Significant Contribution,Both one-on-one and group sessions are equally effective,Friends tutoring each other,Positive Correlation,It is really accessible and helpful to me
11/23/2023 8:22:26,Yes,Agree,Strongly agree,Strongly disagree,Strongly Agree,Negative Correlation,Time constraints,"Yes, significantly",Critical Factor,Essential for improvement,Significant Contribution,Both one-on-one and group sessions are equally effective,Friends tutoring each other,Positive Correlation,It is really accessible and helpful to me
11/23/2023 8:22:27,Yes,Agree,Agree,Agree,Agree,Positive Correlation,Time constraints,"Yes, moderately",Moderately important,Moderately important,Moderate Contribution,Both one-on-one and group sessions are equally effective,Friends tutoring each other,Positive Correlation,It is really accessible and helpful to me
11/23/2023 8:35:21,Yes,Agree,Strongly agree,Strongly disagree,Strongly Agree,Positive Correlation,Mismatched learning styles,"Yes, significantly",Moderately important,Moderately important,Moderate Contribution,One-on-one sessions are more effective,Friends tutoring each other,Positive Correlation,It is really accessible and helpful to me
11/23/2023 8:39:01,Yes,Agree,Strongly agree,Strongly disagree,Agree,No Correlation with duration,Mismatched learning styles,"Yes, moderately",Critical Factor,Essential for improvement,Moderate Contribution,One-on-one sessions are more effective,Doesn't matter,No significant impact,"It has its pros and cons, offering mixed effectiveness"
11/23/2023 8:52:30,Yes,Agree,Strongly agree,Strongly disagree,Strongly Agree,Positive Correlation,Mismatched learning styles,No noticeable change,Moderately important,Essential for improvement,Significant Contribution,One-on-one sessions are more effective,Friends tutoring each other,Positive Correlation,"It has its pros and cons, offering mixed effectiveness"
11/23/2023 8:58:52,Yes,Agree,Strongly agree,Strongly agree,Strongly Agree,No Correlation with duration,Mismatched learning styles,"Yes, significantly",Critical Factor,Moderately important,Significant Contribution,One-on-one sessions are more effective,Friends tutoring each other,Positive Correlation,It is really accessible and helpful to me
11/23/2023 9:17:38,Yes,Agree,Strongly agree,,Strongly Agree,Positive Correlation,Time constraints,"Yes, significantly",Critical Factor,Essential for improvement,Significant Contribution,One-on-one sessions are more effective,Friends tutoring each other,Positive Correlation,It is really accessible and helpful to me
11/23/2023 9:18:33,Yes,Moderately Agree,Agree,Strongly disagree,Agree,Negative Correlation,Mismatched learning styles,"Yes, moderately",Critical Factor,Essential for improvement,Moderate Contribution,Both one-on-one and group sessions are equally effective,Friends tutoring each other,Positive Correlation,"It has its pros and cons, offering mixed effectiveness"
11/23/2023 9:26:30,Yes,Agree,Agree,Strongly agree,Agree,Positive Correlation,Mismatched learning styles,"Yes, moderately",Critical Factor,Essential for improvement,Significant Contribution,One-on-one sessions are more effective,Friends tutoring each other,Positive Correlation,It is really accessible and helpful to me
11/23/2023 9:30:35,Yes,Agree,Agree,Strongly agree,Agree,Positive Correlation,Mismatched learning styles,"Yes, moderately",Moderately important,Essential for improvement,Moderate Contribution,Both one-on-one and group sessions are equally effective,Friends tutoring each other,Positive Correlation,"It has its pros and cons, offering mixed effectiveness"
11/23/2023 9:30:37,Yes,Agree,Agree,Agree,Agree,Positive Correlation,Lack of preparation,"Yes, moderately",Moderately important,Moderately important,Moderate Contribution,Group sessions are more effective,Randomly paired tutors and tutees,Positive Correlation,"It has its pros and cons, offering mixed effectiveness"
11/23/2023 9:34:43,Yes,Disagree,Agree,Agree,Agree,No Correlation with duration,Time constraints,"Yes, moderately",Critical Factor,Essential for improvement,Moderate Contribution,Group sessions are more effective,Friends tutoring each other,Positive Correlation,"It has its pros and cons, offering mixed effectiveness"
11/23/2023 9:40:47,Yes,Agree,Strongly agree,Agree,Strongly Agree,No Correlation with duration,Lack of preparation,"Yes, moderately",Moderately important,Moderately important,Moderate Contribution,Both one-on-one and group sessions are equally effective,Friends tutoring each other,Positive Correlation,It is really accessible and helpful to me
11/23/2023 9:41:05,Yes,Agree,Strongly agree,Strongly agree,Strongly Agree,Positive Correlation,Mismatched learning styles,"Yes, moderately",Critical Factor,Essential for improvement,Significant Contribution,One-on-one sessions are more effective,Friends tutoring each other,Positive Correlation,It is really accessible and helpful to me
11/23/2023 9:53:07,Yes,Agree,Agree,,Strongly Agree,Positive Correlation,Time constraints,"Yes, significantly",Moderately important,Moderately important,Moderate Contribution,One-on-one sessions are more effective,Friends tutoring each other,Positive Correlation,It is really accessible and helpful to me
11/23/2023 9:54:57,Yes,Agree,Strongly agree,Strongly agree,Agree,Positive Correlation,Mismatched learning styles,"Yes, moderately",Moderately important,Essential for improvement,Significant Contribution,One-on-one sessions are more effective,Friends tutoring each other,Positive Correlation,It is really accessible and helpful to me
11/23/2023 9:55:05,Yes,Agree,Strongly agree,Strongly disagree,Strongly Agree,Positive Correlation,Time constraints,"Yes, significantly",Critical Factor,Essential for improvement,Significant Contribution,Structure has no significant impact,Friends tutoring each other,Positive Correlation,It is really accessible and helpful to me
11/23/2023 9:55:35,Yes,Agree,Agree,Strongly agree,Agree,No Correlation with duration,Communication barriers,"Yes, moderately",Moderately important,Essential for improvement,Moderate Contribution,Group sessions are more effective,Friends tutoring each other,Positive Correlation,It is really accessible and helpful to me
11/23/2023 9:56:22,Yes,Agree,Agree,Agree,Agree,Positive Correlation,Mismatched learning styles,"Yes, moderately",Critical Factor,Essential for improvement,Moderate Contribution,Group sessions are more effective,Friends tutoring each other,Positive Correlation,"It has its pros and cons, offering mixed effectiveness"
11/23/2023 10:04:10,Yes,Moderately Agree,Neutral,Agree,Agree,No Correlation with duration,Mismatched learning styles,No noticeable change,Critical Factor,Essential for improvement,Moderate Contribution,Both one-on-one and group sessions are equally effective,Doesn't matter,Positive Correlation,"It has its pros and cons, offering mixed effectiveness"
11/23/2023 10:07:56,Yes,Agree,Agree,Agree,Strongly Agree,Positive Correlation,Time constraints,"Yes, significantly",Critical Factor,Moderately important,Significant Contribution,One-on-one sessions are more effective,Friends tutoring each other,Positive Correlation,It is really accessible and helpful to me
11/23/2023 10:08:02,Yes,Agree,Strongly agree,Agree,Strongly Agree,No Correlation with duration,Time constraints,"Yes, significantly",Critical Factor,Essential for improvement,Moderate Contribution,Group sessions are more effective,Doesn't matter,Positive Correlation,"It has its pros and cons, offering mixed effectiveness"
11/23/2023 10:14:01,Yes,Agree,Agree,Neutral,Agree,No Correlation with duration,Mismatched learning styles,No noticeable change,Critical Factor,Moderately important,Significant Contribution,Both one-on-one and group sessions are equally effective,Doesn't matter,Positive Correlation,"It has its pros and cons, offering mixed effectiveness"
11/23/2023 10:18:47,Yes,Agree,Strongly agree,Strongly agree,Strongly Agree,Positive Correlation,Mismatched learning styles,"Yes, moderately",Critical Factor,Essential for improvement,Moderate Contribution,Both one-on-one and group sessions are equally effective,Randomly paired tutors and tutees,Positive Correlation,"It has its pros and cons, offering mixed effectiveness"
11/23/2023 10:36:31,Yes,Agree,Strongly agree,Agree,Agree,No Correlation with duration,Mismatched learning styles,"Yes, moderately",Critical Factor,Essential for improvement,Moderate Contribution,Group sessions are more effective,Friends tutoring each other,No significant impact,It is really accessible and helpful to me
11/23/2023 10:40:22,Yes,Moderately Agree,Strongly agree,Agree,Agree,Positive Correlation,Mismatched learning styles,"Yes, moderately",Moderately important,Moderately important,Moderate Contribution,Both one-on-one and group sessions are equally effective,Friends tutoring each other,Positive Correlation,It is really accessible and helpful to me
11/23/2023 10:52:27,Yes,Agree,Strongly agree,Agree,Strongly Agree,Positive Correlation,Time constraints,"Yes, moderately",Moderately important,Moderately important,Moderate Contribution,One-on-one sessions are more effective,Friends tutoring each other,Positive Correlation,It is really accessible and helpful to me
11/23/2023 11:31:38,Yes,Agree,Strongly agree,Strongly agree,Strongly Agree,Positive Correlation,Communication barriers,"Yes, significantly",Critical Factor,Moderately important,Moderate Contribution,Both one-on-one and group sessions are equally effective,Friends tutoring each other,Positive Correlation,It is really accessible and helpful to me
11/23/2023 11:45:46,Yes,Disagree,Neutral,Disagree,Neutral,No Correlation with duration,Time constraints,"Yes, moderately",Minor Influence,Moderately important,Moderate Contribution,Both one-on-one and group sessions are equally effective,Doesn't matter,Positive Correlation,It is not effective to me at all
11/23/2023 11:49:18,Yes,Moderately Agree,Strongly agree,Strongly disagree,Strongly Agree,Positive Correlation,Mismatched learning styles,"Yes, significantly",Critical Factor,Essential for improvement,Significant Contribution,Group sessions are more effective,Friends tutoring each other,Positive Correlation,It is really accessible and helpful to me
11/23/2023 11:51:25,Yes,Moderately Agree,Strongly agree,Strongly disagree,Strongly Agree,Positive Correlation,Lack of preparation,"Yes, significantly",Moderately important,Essential for improvement,Significant Contribution,Group sessions are more effective,Friends tutoring each other,Positive Correlation,It is really accessible and helpful to me
11/23/2023 12:06:06,Yes,Agree,Agree,Strongly agree,Strongly Agree,No Correlation with duration,Communication barriers,"Yes, moderately",Critical Factor,Essential for improvement,Moderate Contribution,One-on-one sessions are more effective,Friends tutoring each other,Positive Correlation,"It has its pros and cons, offering mixed effectiveness"
11/23/2023 12:17:20,Yes,Agree,Strongly agree,Strongly disagree,Strongly Agree,Positive Correlation,Mismatched learning styles,"Yes, significantly",Critical Factor,Essential for improvement,Significant Contribution,One-on-one sessions are more effective,Friends tutoring each other,Positive Correlation,It is really accessible and helpful to me
11/23/2023 12:36:09,Yes,Agree,Strongly agree,Strongly disagree,Strongly Agree,Positive Correlation,Lack of preparation,"Yes, significantly",Critical Factor,Essential for improvement,Significant Contribution,One-on-one sessions are more effective,Friends tutoring each other,Positive Correlation,It is really accessible and helpful to me
11/23/2023 14:35:26,Yes,Agree,Strongly agree,Strongly agree,Strongly Agree,Positive Correlation,Communication barriers,"Yes, significantly",Critical Factor,Essential for improvement,Significant Contribution,Both one-on-one and group sessions are equally effective,Friends tutoring each other,Positive Correlation,It is really accessible and helpful to me
11/23/2023 15:25:47,Yes,Moderately Agree,Agree,Disagree,Strongly Agree,Positive Correlation,Mismatched learning styles,"Yes, significantly",Moderately important,Moderately important,Moderate Contribution,One-on-one sessions are more effective,Friends tutoring each other,Positive Correlation,It is really accessible and helpful to me
11/23/2023 16:26:11,Yes,Agree,Strongly agree,Strongly agree,Strongly Agree,Positive Correlation,Time constraints,"Yes, moderately",Moderately important,Moderately important,Moderate Contribution,Group sessions are more effective,Friends tutoring each other,Positive Correlation,It is really accessible and helpful to me
11/23/2023 18:01:42,Yes,Agree,Agree,Strongly disagree,Agree,Positive Correlation,Time constraints,"Yes, moderately",Critical Factor,Essential for improvement,Significant Contribution,Group sessions are more effective,Friends tutoring each other,Positive Correlation,"It has its pros and cons, offering mixed effectiveness"
11/23/2023 18:53:52,No,Agree,Strongly agree,Neutral,Strongly Agree,Positive Correlation,Mismatched learning styles,No noticeable change,Moderately important,Essential for improvement,Moderate Contribution,Both one-on-one and group sessions are equally effective,Doesn't matter,Positive Correlation,It is really accessible and helpful to me
11/23/2023 19:06:07,Yes,Agree,Strongly agree,Strongly agree,Strongly Agree,Positive Correlation,Communication barriers,"Yes, moderately",Critical Factor,Moderately important,Moderate Contribution,Group sessions are more effective,Friends tutoring each other,Positive Correlation,It is really accessible and helpful to me
11/23/2023 19:08:47,Yes,Moderately Agree,Strongly agree,Agree,Strongly Agree,Positive Correlation,Lack of preparation,"Yes, significantly",Critical Factor,Essential for improvement,Moderate Contribution,Both one-on-one and group sessions are equally effective,Friends tutoring each other,Positive Correlation,It is really accessible and helpful to me
11/23/2023 19:27:00,Yes,Agree,Strongly agree,Agree,Strongly Agree,Positive Correlation,Communication barriers,"Yes, moderately",Moderately important,Essential for improvement,Significant Contribution,Group sessions are more effective,Friends tutoring each other,Positive Correlation,"It has its pros and cons, offering mixed effectiveness"
11/23/2023 20:30:33,Yes,Agree,Strongly agree,Strongly disagree,Strongly Agree,Positive Correlation,Time constraints,"Yes, significantly",Moderately important,Moderately important,Significant Contribution,Both one-on-one and group sessions are equally effective,Friends tutoring each other,No significant impact,"It has its pros and cons, offering mixed effectiveness"
11/23/2023 20:38:36,Yes,Agree,Strongly agree,Agree,Strongly Agree,Positive Correlation,Communication barriers,"Yes, significantly",No significant role,Essential for improvement,Moderate Contribution,Both one-on-one and group sessions are equally effective,Randomly paired tutors and tutees,No significant impact,"It has its pros and cons, offering mixed effectiveness"
11/23/2023 20:48:20,Yes,Moderately Agree,Agree,Neutral,Agree,No Correlation with duration,Mismatched learning styles,"Yes, moderately",Moderately important,Essential for improvement,Moderate Contribution,One-on-one sessions are more effective,Friends tutoring each other,Positive Correlation,"It has its pros and cons, offering mixed effectiveness"
11/23/2023 20:57:32,Yes,Agree,Agree,Strongly agree,Strongly Disagree,Positive Correlation,Mismatched learning styles,"Yes, moderately",Critical Factor,Essential for improvement,Significant Contribution,Group sessions are more effective,Randomly paired tutors and tutees,Positive Correlation,It is really accessible and helpful to me
11/23/2023 20:58:08,Yes,Agree,Agree,Strongly agree,Neutral,No Correlation with duration,Lack of preparation,"Yes, moderately",Moderately important,Essential for improvement,Moderate Contribution,Both one-on-one and group sessions are equally effective,Friends tutoring each other,Positive Correlation,"It has its pros and cons, offering mixed effectiveness"
11/23/2023 21:49:39,Yes,Moderately Agree,Agree,Agree,Agree,Positive Correlation,Mismatched learning styles,"Yes, moderately",Minor Influence,Moderately important,Moderate Contribution,One-on-one sessions are more effective,Friends tutoring each other,No significant impact,"It has its pros and cons, offering mixed effectiveness"
11/23/2023 22:00:47,Yes,Agree,Agree,Strongly agree,Strongly Agree,Positive Correlation,Time constraints,"Yes, moderately",Moderately important,Essential for improvement,Moderate Contribution,Group sessions are more effective,Friends tutoring each other,Positive Correlation,"It has its pros and cons, offering mixed effectiveness"
11/23/2023 22:15:55,Yes,Agree,Strongly agree,Strongly agree,Strongly Agree,Positive Correlation,Communication barriers,"Yes, significantly",Moderately important,Essential for improvement,Significant Contribution,Both one-on-one and group sessions are equally effective,Friends tutoring each other,Positive Correlation,It is really accessible and helpful to me
11/23/2023 22:31:55,Yes,Agree,Strongly agree,Agree,Agree,Positive Correlation,Time constraints,"Yes, moderately",Moderately important,Moderately important,Moderate Contribution,Both one-on-one and group sessions are equally effective,Friends tutoring each other,Positive Correlation,It is really accessible and helpful to me
11/23/2023 22:46:54,Yes,Agree,Strongly agree,Agree,Strongly Agree,Positive Correlation,Mismatched learning styles,"Yes, moderately",Moderately important,Essential for improvement,Moderate Contribution,Group sessions are more effective,Friends tutoring each other,Positive Correlation,"It has its pros and cons, offering mixed effectiveness"
11/23/2023 23:19:21,Yes,Agree,Strongly agree,Strongly agree,Strongly Agree,Positive Correlation,Mismatched learning styles,"Yes, significantly",Critical Factor,Moderately important,Significant Contribution,Structure has no significant impact,Randomly paired tutors and tutees,Positive Correlation,It is really accessible and helpful to me
11/24/2023 0:54:34,Yes,Agree,Agree,Agree,Strongly Agree,Positive Correlation,Time constraints,"Yes, significantly",Moderately important,Essential for improvement,Significant Contribution,One-on-one sessions are more effective,Friends tutoring each other,Positive Correlation,It is really accessible and helpful to me
11/24/2023 1:23:49,Yes,Moderately Agree,Strongly agree,Agree,Agree,Positive Correlation,Mismatched learning styles,No noticeable change,Moderately important,Moderately important,Significant Contribution,One-on-one sessions are more effective,Friends tutoring each other,Positive Correlation,It is really accessible and helpful to me
11/24/2023 1:51:40,Yes,Agree,Strongly agree,Strongly agree,Strongly Agree,Positive Correlation,Mismatched learning styles,"Yes, moderately",Moderately important,No impact,Significant Contribution,Both one-on-one and group sessions are equally effective,Friends tutoring each other,Positive Correlation,It is really accessible and helpful to me
11/24/2023 3:00:06,Yes,Agree,Strongly agree,Agree,Agree,Positive Correlation,Time constraints,"Yes, significantly",Moderately important,Essential for improvement,Moderate Contribution,One-on-one sessions are more effective,Friends tutoring each other,Positive Correlation,It is really accessible and helpful to me
11/24/2023 5:42:08,Yes,Agree,Neutral,Disagree,Neutral,No Correlation with duration,Mismatched learning styles,"Yes, moderately",Minor Influence,Moderately important,Moderate Contribution,Group sessions are more effective,Friends tutoring each other,Positive Correlation,It is not effective to me at all
11/24/2023 5:52:59,Yes,Agree,Agree,Strongly agree,Strongly Agree,Positive Correlation,Time constraints,"Yes, significantly",Moderately important,Essential for improvement,Significant Contribution,Group sessions are more effective,Randomly paired tutors and tutees,Positive Correlation,It is really accessible and helpful to me
11/24/2023 6:01:02,Yes,Agree,Strongly agree,Strongly disagree,Strongly Agree,Positive Correlation,Mismatched learning styles,"Yes, moderately",Moderately important,Moderately important,Moderate Contribution,Both one-on-one and group sessions are equally effective,Friends tutoring each other,Positive Correlation,It is really accessible and helpful to me
11/24/2023 6:24:28,Yes,Agree,Strongly agree,Strongly disagree,Strongly Agree,Positive Correlation,Mismatched learning styles,"Yes, significantly",Moderately important,Essential for improvement,Significant Contribution,One-on-one sessions are more effective,Friends tutoring each other,Positive Correlation,It is really accessible and helpful to me
11/24/2023 6:56:21,Yes,Agree,Agree,Agree,Strongly Agree,Positive Correlation,Mismatched learning styles,"Yes, significantly",Moderately important,Essential for improvement,Significant Contribution,One-on-one sessions are more effective,Friends tutoring each other,Positive Correlation,It is really accessible and helpful to me
11/24/2023 7:51:15,Yes,Agree,Strongly agree,Agree,Agree,No Correlation with duration,Lack of preparation,"Yes, moderately",Moderately important,Moderately important,Significant Contribution,Both one-on-one and group sessions are equally effective,Doesn't matter,Positive Correlation,"It has its pros and cons, offering mixed effectiveness"
11/24/2023 8:12:48,Yes,Agree,Strongly agree,Agree,Agree,Positive Correlation,Mismatched learning styles,"Yes, significantly",Moderately important,Moderately important,Significant Contribution,One-on-one sessions are more effective,Friends tutoring each other,Positive Correlation,It is really accessible and helpful to me
11/24/2023 8:18:16,Yes,Agree,Strongly agree,Strongly agree,Strongly Agree,Positive Correlation,Communication barriers,"Yes, moderately",Critical Factor,Essential for improvement,Moderate Contribution,Group sessions are more effective,Friends tutoring each other,Positive Correlation,It is really accessible and helpful to me
11/24/2023 8:36:43,Yes,Agree,Agree,,Agree,No Correlation with duration,Mismatched learning styles,"Yes, moderately",Moderately important,Essential for improvement,Moderate Contribution,One-on-one sessions are more effective,Friends tutoring each other,Positive Correlation,"It has its pros and cons, offering mixed effectiveness"
11/24/2023 9:16:58,Yes,Agree,Strongly agree,Strongly agree,Agree,Positive Correlation,Mismatched learning styles,"Yes, moderately",Moderately important,Essential for improvement,Significant Contribution,One-on-one sessions are more effective,Friends tutoring each other,Positive Correlation,It is really accessible and helpful to me
11/24/2023 10:23:35,Yes,Agree,Strongly agree,Strongly disagree,Strongly Agree,Positive Correlation,Communication barriers,"Yes, moderately",Moderately important,Essential for improvement,Significant Contribution,Both one-on-one and group sessions are equally effective,Friends tutoring each other,Positive Correlation,It is really accessible and helpful to me
11/24/2023 14:35:29,Yes,Agree,Agree,Strongly agree,Strongly Agree,Positive Correlation,Communication barriers,"Yes, significantly",Moderately important,Moderately important,Moderate Contribution,Group sessions are more effective,Randomly paired tutors and tutees,Positive Correlation,It is really accessible and helpful to me
11/24/2023 19:34:34,Yes,Agree,Agree,Agree,Agree,No Correlation with duration,Mismatched learning styles,"Yes, significantly",Moderately important,Essential for improvement,Significant Contribution,One-on-one sessions are more effective,Doesn't matter,Positive Correlation,"It has its pros and cons, offering mixed effectiveness"
11/24/2023 19:35:31,Yes,Agree,Strongly agree,Strongly agree,Strongly Agree,Positive Correlation,Time constraints,"Yes, significantly",Moderately important,Essential for improvement,Moderate Contribution,Group sessions are more effective,Doesn't matter,Positive Correlation,It is really accessible and helpful to me
11/24/2023 19:56:08,Yes,Agree,Strongly agree,Strongly agree,Strongly Agree,Positive Correlation,Communication barriers,"Yes, significantly",Moderately important,Essential for improvement,Significant Contribution,Group sessions are more effective,Friends tutoring each other,Positive Correlation,It is really accessible and helpful to me
11/24/2023 20:09:43,Yes,Moderately Agree,Agree,Strongly agree,Strongly Agree,Positive Correlation,Mismatched learning styles,"Yes, moderately",Critical Factor,Essential for improvement,Significant Contribution,Group sessions are more effective,Friends tutoring each other,Positive Correlation,"It has its pros and cons, offering mixed effectiveness"
11/24/2023 20:19:15,Yes,Agree,Agree,Agree,Agree,Positive Correlation,Lack of preparation,"Yes, significantly",Moderately important,Essential for improvement,Moderate Contribution,Both one-on-one and group sessions are equally effective,Doesn't matter,Positive Correlation,It is really accessible and helpful to me
11/24/2023 20:58:58,Yes,Agree,Strongly agree,Agree,Agree,Positive Correlation,Communication barriers,"Yes, moderately",Minor Influence,Essential for improvement,Moderate Contribution,Group sessions are more effective,Friends tutoring each other,Positive Correlation,"It has its pros and cons, offering mixed effectiveness"
11/24/2023 21:35:11,Yes,Agree,Agree,Agree,Agree,Positive Correlation,Time constraints,"Yes, significantly",Moderately important,Moderately important,Moderate Contribution,Both one-on-one and group sessions are equally effective,Randomly paired tutors and tutees,Positive Correlation,It is really accessible and helpful to me
11/24/2023 22:29:16,Yes,Moderately Agree,Agree,Agree,Agree,Positive Correlation,Time constraints,"Yes, moderately",Moderately important,Moderately important,No effect,One-on-one sessions are more effective,Friends tutoring each other,Positive Correlation,"It has its pros and cons, offering mixed effectiveness"
11/24/2023 22:30:30,Yes,Agree,Strongly agree,Agree,Strongly Disagree,Positive Correlation,Lack of preparation,"Yes, significantly",Critical Factor,Essential for improvement,Significant Contribution,Both one-on-one and group sessions are equally effective,Doesn't matter,Positive Correlation,"It has its pros and cons, offering mixed effectiveness"
11/25/2023 5:01:18,Yes,Agree,Agree,Strongly disagree,Agree,Positive Correlation,Mismatched learning styles,"Yes, moderately",Moderately important,Moderately important,Significant Contribution,Both one-on-one and group sessions are equally effective,Friends tutoring each other,Positive Correlation,It is really accessible and helpful to me
11/25/2023 7:52:58,Yes,Agree,Strongly agree,Agree,Strongly Agree,Positive Correlation,Mismatched learning styles,"Yes, significantly",Moderately important,Essential for improvement,Moderate Contribution,One-on-one sessions are more effective,Friends tutoring each other,Positive Correlation,"It has its pros and cons, offering mixed effectiveness"
11/25/2023 7:56:31,Yes,Agree,Agree,Agree,Agree,Positive Correlation,Communication barriers,"Yes, significantly",Critical Factor,Essential for improvement,Significant Contribution,Group sessions are more effective,Friends tutoring each other,Positive Correlation,"It has its pros and cons, offering mixed effectiveness"
11/25/2023 7:57:02,No,Disagree,Disagree,Disagree,Disagree,Negative Correlation,Lack of preparation,Decline in performance,No significant role,No impact,No effect,Structure has no significant impact,Doesn't matter,No significant impact,It is not effective to me at all
11/25/2023 7:59:55,Yes,Agree,Strongly agree,Strongly disagree,Strongly Agree,Positive Correlation,Mismatched learning styles,"Yes, moderately",Moderately important,Moderately important,Significant Contribution,One-on-one sessions are more effective,Friends tutoring each other,Positive Correlation,It is really accessible and helpful to me
11/25/2023 8:03:29,Yes,Agree,Strongly agree,Strongly disagree,Strongly Agree,Positive Correlation,Time constraints,"Yes, significantly",Critical Factor,Moderately important,No effect,One-on-one sessions are more effective,Friends tutoring each other,Positive Correlation,It is really accessible and helpful to me
11/25/2023 8:09:13,Yes,Agree,Agree,Agree,Agree,Positive Correlation,Mismatched learning styles,"Yes, moderately",Critical Factor,Moderately important,Significant Contribution,One-on-one sessions are more effective,Friends tutoring each other,Positive Correlation,It is really accessible and helpful to me
11/25/2023 8:11:32,Yes,Agree,Agree,Agree,Agree,Positive Correlation,Mismatched learning styles,"Yes, moderately",Critical Factor,Essential for improvement,Moderate Contribution,Structure has no significant impact,Friends tutoring each other,Positive Correlation,It is really accessible and helpful to me
11/25/2023 8:17:04,Yes,Agree,Strongly agree,Neutral,Strongly Agree,Positive Correlation,Time constraints,"Yes, significantly",Critical Factor,Essential for improvement,Significant Contribution,Group sessions are more effective,Friends tutoring each other,Positive Correlation,"It has its pros and cons, offering mixed effectiveness"
11/25/2023 8:19:06,Yes,Moderately Agree,Agree,Agree,Agree,Positive Correlation,Lack of preparation,"Yes, significantly",Moderately important,Essential for improvement,Significant Contribution,One-on-one sessions are more effective,Doesn't matter,Positive Correlation,It is really accessible and helpful to me
11/25/2023 8:32:58,Yes,Moderately Agree,Agree,Strongly agree,Disagree,Positive Correlation,Mismatched learning styles,"Yes, moderately",Moderately important,Essential for improvement,Moderate Contribution,Both one-on-one and group sessions are equally effective,Doesn't matter,Positive Correlation,"It has its pros and cons, offering mixed effectiveness"
11/25/2023 10:02:26,Yes,Moderately Agree,Agree,Strongly agree,Agree,Positive Correlation,Lack of preparation,"Yes, moderately",Moderately important,Moderately important,Significant Contribution,Both one-on-one and group sessions are equally effective,Friends tutoring each other,Positive Correlation,It is really accessible and helpful to me
11/25/2023 10:14:00,Yes,Agree,Agree,Strongly agree,Strongly Agree,Positive Correlation,Mismatched learning styles,"Yes, significantly",Moderately important,Essential for improvement,Significant Contribution,Group sessions are more effective,Friends tutoring each other,Positive Correlation,It is really accessible and helpful to me
11/25/2023 21:28:13,Yes,Agree,Strongly agree,Strongly agree,Strongly Agree,Positive Correlation,Communication barriers,"Yes, significantly",Moderately important,Essential for improvement,Moderate Contribution,Group sessions are more effective,Friends tutoring each other,Positive Correlation,It is really accessible and helpful to me
11/25/2023 22:49:08,Yes,Moderately Agree,Agree,Agree,Agree,Positive Correlation,Time constraints,"Yes, moderately",Moderately important,Essential for improvement,Moderate Contribution,Group sessions are more effective,Doesn't matter,Positive Correlation,"It has its pros and cons, offering mixed effectiveness"
11/26/2023 0:25:51,Yes,Agree,Strongly agree,Strongly agree,Strongly Agree,No Correlation with duration,Time constraints,"Yes, significantly",Critical Factor,Moderately important,Moderate Contribution,Group sessions are more effective,Randomly paired tutors and tutees,No significant impact,It is really accessible and helpful to me
11/26/2023 0:41:28,Yes,Moderately Agree,Agree,Agree,Agree,Positive Correlation,Time constraints,No noticeable change,Critical Factor,Essential for improvement,Significant Contribution,One-on-one sessions are more effective,Friends tutoring each other,Positive Correlation,It is really accessible and helpful to me
11/26/2023 1:23:41,Yes,Agree,Strongly agree,Strongly agree,Strongly Agree,Positive Correlation,Time constraints,"Yes, significantly",Critical Factor,Essential for improvement,Significant Contribution,One-on-one sessions are more effective,Friends tutoring each other,Positive Correlation,It is really accessible and helpful to me
11/26/2023 9:15:10,Yes,Agree,Disagree,Agree,Agree,Negative Correlation,Communication barriers,No noticeable change,Minor Influence,Moderately important,Moderate Contribution,Group sessions are more effective,Doesn't matter,Positive Correlation,"It has its pros and cons, offering mixed effectiveness"
11/26/2023 11:55:41,Yes,Agree,Strongly agree,Strongly disagree,Strongly Agree,Positive Correlation,Mismatched learning styles,"Yes, significantly",Critical Factor,Essential for improvement,Significant Contribution,One-on-one sessions are more effective,Doesn't matter,Positive Correlation,It is really accessible and helpful to me
11/26/2023 22:42:38,Yes,Moderately Agree,Agree,Agree,Strongly Agree,Positive Correlation,Mismatched learning styles,"Yes, moderately",Moderately important,Essential for improvement,Significant Contribution,Group sessions are more effective,Friends tutoring each other,Positive Correlation,It is really accessible and helpful to me
11/26/2023 23:42:35,Yes,Moderately Agree,Strongly agree,Agree,Agree,Positive Correlation,Mismatched learning styles,"Yes, significantly",Moderately important,Moderately important,Significant Contribution,One-on-one sessions are more effective,Friends tutoring each other,Positive Correlation,It is really accessible and helpful to me
11/27/2023 3:41:47,Yes,Agree,Agree,Agree,Agree,Positive Correlation,Mismatched learning styles,"Yes, moderately",Moderately important,Moderately important,Moderate Contribution,Both one-on-one and group sessions are equally effective,Friends tutoring each other,Positive Correlation,"It has its pros and cons, offering mixed effectiveness"
11/27/2023 4:54:05,Yes,Moderately Agree,Agree,Strongly agree,Strongly Agree,Positive Correlation,Time constraints,"Yes, moderately",Critical Factor,Moderately important,Moderate Contribution,One-on-one sessions are more effective,Doesn't matter,No significant impact,"It has its pros and cons, offering mixed effectiveness"
11/27/2023 7:59:04,Yes,Moderately Agree,Agree,Neutral,Agree,No Correlation with duration,Mismatched learning styles,"Yes, moderately",Critical Factor,Moderately important,Moderate Contribution,One-on-one sessions are more effective,Friends tutoring each other,Positive Correlation,"It has its pros and cons, offering mixed effectiveness"
11/27/2023 12:10:56,Yes,Agree,Strongly agree,Strongly disagree,Strongly Agree,No Correlation with duration,Time constraints,"Yes, moderately",Critical Factor,Essential for improvement,Significant Contribution,Both one-on-one and group sessions are equally effective,Doesn't matter,Positive Correlation,It is really accessible and helpful to me
11/27/2023 18:23:04,Yes,Moderately Agree,Agree,Agree,Agree,No Correlation with duration,Mismatched learning styles,No noticeable change,Minor Influence,Moderately important,Moderate Contribution,Group sessions are more effective,Randomly paired tutors and tutees,Positive Correlation,It is really accessible and helpful to me
11/27/2023 21:12:30,Yes,Agree,Strongly agree,Strongly agree,Strongly Agree,Positive Correlation,Time constraints,"Yes, moderately",Moderately important,Moderately important,Moderate Contribution,Group sessions are more effective,Friends tutoring each other,Positive Correlation,It is really accessible and helpful to me
11/28/2023 5:20:50,Yes,Agree,Strongly agree,Strongly disagree,Strongly Agree,Positive Correlation,Mismatched learning styles,No noticeable change,Moderately important,Moderately important,Moderate Contribution,Both one-on-one and group sessions are equally effective,Doesn't matter,Positive Correlation,It is really accessible and helpful to me
11/28/2023 7:10:59,Yes,Agree,Agree,Strongly agree,Agree,Positive Correlation,Time constraints,"Yes, moderately",Moderately important,Moderately important,No effect,Group sessions are more effective,Friends tutoring each other,Positive Correlation,"It has its pros and cons, offering mixed effectiveness"
11/28/2023 11:04:15,Yes,Agree,Agree,Strongly agree,Strongly Agree,Positive Correlation,Lack of preparation,"Yes, moderately",Moderately important,Essential for improvement,Moderate Contribution,Group sessions are more effective,Friends tutoring each other,Positive Correlation,It is really accessible and helpful to me
11/28/2023 13:14:02,Yes,Agree,Strongly agree,Agree,Agree,Positive Correlation,Communication barriers,"Yes, significantly",Critical Factor,Essential for improvement,Significant Contribution,One-on-one sessions are more effective,Friends tutoring each other,Positive Correlation,It is really accessible and helpful to me
11/29/2023 0:24:18,Yes,Agree,Strongly agree,Strongly agree,Agree,Positive Correlation,Communication barriers,"Yes, significantly",Minor Influence,Essential for improvement,Significant Contribution,Both one-on-one and group sessions are equally effective,Friends tutoring each other,Positive Correlation,It is really accessible and helpful to me
11/29/2023 6:41:52,Yes,Agree,Strongly agree,Strongly agree,Strongly Agree,Positive Correlation,Mismatched learning styles,"Yes, significantly",Critical Factor,Essential for improvement,Significant Contribution,One-on-one sessions are more effective,Friends tutoring each other,Positive Correlation,It is really accessible and helpful to me
11/29/2023 8:01:09,Yes,Agree,Strongly agree,Strongly disagree,Agree,Positive Correlation,Lack of preparation,"Yes, significantly",Critical Factor,Essential for improvement,Significant Contribution,Both one-on-one and group sessions are equally effective,Randomly paired tutors and tutees,Positive Correlation,It is really accessible and helpful to me
11/29/2023 16:10:54,Yes,Agree,Agree,Agree,Agree,Positive Correlation,Mismatched learning styles,"Yes, moderately",Moderately important,Moderately important,Significant Contribution,Both one-on-one and group sessions are equally effective,Friends tutoring each other,Positive Correlation,"It has its pros and cons, offering mixed effectiveness"
11/30/2023 2:27:14,Yes,Agree,Strongly agree,Strongly disagree,Strongly Agree,Positive Correlation,Communication barriers,"Yes, moderately",Moderately important,Essential for improvement,Significant Contribution,One-on-one sessions are more effective,Friends tutoring each other,Positive Correlation,It is really accessible and helpful to me
11/30/2023 6:23:13,Yes,Agree,Agree,Strongly agree,Agree,Positive Correlation,Mismatched learning styles,"Yes, moderately",Moderately important,Essential for improvement,Moderate Contribution,Structure has no significant impact,Friends tutoring each other,Positive Correlation,It is really accessible and helpful to me
12/02/2023 19:43,Yes,Moderately Agree,Neutral,Neutral,Neutral,Positive Correlation,Mismatched learning styles,"Yes, moderately",Moderately important,Moderately important,Moderate Contribution,Both one-on-one and group sessions are equally effective,Friends tutoring each other,Positive Correlation,"It has its pros and cons, offering mixed effectiveness"
12/02/2023 19:43,Yes,Moderately Agree,Strongly agree,Neutral,Strongly Agree,Positive Correlation,Mismatched learning styles,"Yes, significantly",Moderately important,Essential for improvement,Moderate Contribution,Group sessions are more effective,Randomly paired tutors and tutees,Positive Correlation,"It has its pros and cons, offering mixed effectiveness"
12/02/2023 22:02,Yes,Agree,Agree,Disagree,Agree,Positive Correlation,Communication barriers,"Yes, significantly",Moderately important,Essential for improvement,Significant Contribution,Group sessions are more effective,Friends tutoring each other,Positive Correlation,It is really accessible and helpful to me
12/03/2023 7:56,Yes,Agree,Agree,Agree,Agree,Positive Correlation,Mismatched learning styles,"Yes, moderately",Moderately important,Essential for improvement,Significant Contribution,One-on-one sessions are more effective,Friends tutoring each other,Positive Correlation,It is really accessible and helpful to me
12/03/2023 19:50,Yes,Agree,Strongly agree,Strongly disagree,Strongly Agree,Positive Correlation,Communication barriers,"Yes, significantly",Critical Factor,Essential for improvement,Significant Contribution,Both one-on-one and group sessions are equally effective,Friends tutoring each other,Positive Correlation,It is really accessible and helpful to me
12/04/2023 0:25,Yes,Agree,Agree,Agree,Agree,Positive Correlation,Communication barriers,"Yes, significantly",Moderately important,Essential for improvement,Significant Contribution,Group sessions are more effective,Friends tutoring each other,Positive Correlation,It is really accessible and helpful to me
